learning_rate,batch_size,epochs,dropout,num_experts,aux_loss_weight,unfrozen_layers,top_k,prompt_1,prompt_2,prompt_3,prompt_4,prompt_5,prompt_6,prompt_7,prompt_8,avg_qwk,pi_expert_0,pi_expert_1,pi_expert_2,pi_expert_3,pi_expert_4,pi_expert_5,pi_expert_6
5e-05,8,15,0.2,7,0.5,2,2,0.4651768112321295,0.474323933667972,0.5120207656011035,0.52695401010931,0.4909293293164525,0.3820498008573774,0.33816317922024675,0.4035373006184183,0.44914439132787626,0.055105586,0.36137414,0.44156852,0.0015657436,0.032664787,0.021233508,0.08648771
